Time,CForce,BForce,AForce,DForce
0,0.50021189,-0.034483046,-0.020772919,-0.103033678
0.01,0.507274682,-0.034483046,-0.020772919,-0.095970886
0.02,0.507274682,-0.034483046,-0.007062792,-0.089323552
0.03,0.507274682,-0.04113038,-0.013710127,-0.089323552
0.04,0.507274682,-0.034483046,-0.013710127,-0.089323552
0.05,0.507274682,-0.04113038,-0.007062792,-0.089323552
0.06,0.507274682,-0.04113038,-0.013710127,-0.089323552
0.07,0.507274682,-0.048193172,-0.007062792,-0.095970886
0.08,0.507274682,-0.048193172,-0.020772919,-0.089323552
0.09,0.507274682,-0.048193172,-0.007062792,-0.089323552
0.1,0.507274682,-0.048193172,-0.013710127,-0.095970886
0.11,0.513922016,-0.048193172,-0.013710127,-0.103033678
0.12,0.520984809,-0.04113038,-0.013710127,-0.109681012
0.13,0.520984809,-0.054840506,-0.007062792,-0.109681012
0.14,0.513922016,-0.048193172,-0.007062792,-0.109681012
0.15,0.534694935,-0.061903299,-0.007062792,-0.103033678
0.16,0.520984809,-0.054840506,-0.007062792,-0.103033678
0.17,0.520984809,-0.054840506,-0.007062792,-0.095970886
0.18,0.534694935,-0.048193172,-0.007062792,-0.103033678
0.19,0.534694935,-0.048193172,-0.007062792,-0.116743805
0.2,0.527632143,-0.04113038,-0.013710127,-0.103033678
0.21,0.534694935,-0.04113038,-0.013710127,-0.109681012
0.22,0.534694935,-0.04113038,-0.013710127,-0.103033678
0.23,0.534694935,-0.048193172,-0.013710127,-0.095970886
0.24,0.527632143,-0.048193172,-0.013710127,-0.095970886
0.25,0.527632143,-0.04113038,-0.013710127,-0.095970886
0.26,0.527632143,-0.04113038,-0.013710127,-0.103033678
0.27,0.527632143,-0.04113038,-0.013710127,-0.103033678
0.28,0.520984809,-0.04113038,-0.007062792,-0.103033678
0.29,0.520984809,-0.04113038,-0.007062792,-0.109681012
0.3,0.520984809,-0.04113038,-0.007062792,-0.109681012
0.31,0.520984809,-0.04113038,-0.007062792,-0.103033678
0.32,0.513922016,-0.04113038,-0.007062792,-0.109681012
0.33,0.513922016,-0.034483046,-0.007062792,-0.103033678
0.34,0.507274682,-0.034483046,-0.007062792,-0.103033678
0.35,0.507274682,-0.034483046,-0.020772919,-0.109681012
0.36,0.50021189,-0.034483046,-0.013710127,-0.109681012
0.37,0.507274682,-0.04113038,-0.013710127,-0.103033678
0.38,0.50021189,-0.04113038,-0.013710127,-0.095970886
0.39,0.50021189,-0.048193172,-0.007062792,-0.089323552
0.4,0.50021189,-0.04113038,-0.013710127,-0.095970886
0.41,0.493564556,-0.04113038,-0.013710127,-0.095970886
0.42,0.507274682,-0.034483046,-0.013710127,-0.095970886
0.43,0.507274682,-0.034483046,-0.013710127,-0.089323552
0.44,0.50021189,-0.034483046,-0.020772919,-0.095970886
0.45,0.507274682,-0.04113038,-0.007062792,-0.095970886
0.46,0.50021189,-0.034483046,-0.013710127,-0.089323552
0.47,0.507274682,-0.034483046,-0.013710127,-0.089323552
0.48,0.507274682,-0.04113038,-0.007062792,-0.103033678
0.49,0.507274682,-0.04113038,-0.007062792,-0.103033678
0.5,0.507274682,-0.04113038,-0.013710127,-0.095970886
0.51,0.513922016,-0.04113038,-0.013710127,-0.103033678
0.52,0.513922016,-0.04113038,-0.013710127,-0.103033678
0.53,0.513922016,-0.034483046,-0.007062792,-0.103033678
0.54,0.513922016,-0.04113038,-0.013710127,-0.109681012
0.55,0.520984809,-0.04113038,-0.007062792,-0.116743805
0.56,0.520984809,-0.04113038,-0.013710127,-0.116743805
0.57,0.513922016,-0.034483046,-0.007062792,-0.123391139
0.58,0.520984809,-0.034483046,-0.007062792,-0.116743805
0.59,0.520984809,-0.04113038,-0.007062792,-0.109681012
0.6,0.520984809,-0.04113038,-0.007062792,-0.109681012
0.61,0.520984809,-0.04113038,-0.013710127,-0.109681012
0.62,0.527632143,-0.04113038,-0.007062792,-0.103033678
0.63,0.520984809,-0.04113038,-0.013710127,-0.103033678
0.64,0.520984809,-0.04113038,-0.013710127,-0.095970886
0.65,0.520984809,-0.04113038,-0.007062792,-0.103033678
0.66,0.520984809,-0.04113038,-0.013710127,-0.095970886
0.67,0.520984809,-0.04113038,-0.013710127,-0.095970886
0.68,0.527632143,-0.04113038,-0.007062792,-0.095970886
0.69,0.513922016,-0.04113038,-0.013710127,-0.103033678
0.7,0.513922016,-0.04113038,-0.013710127,-0.103033678
0.71,0.513922016,-0.04113038,-0.013710127,-0.103033678
0.72,0.513922016,-0.04113038,-0.013710127,-0.103033678
0.73,0.513922016,-0.04113038,-0.007062792,-0.103033678
0.74,0.513922016,-0.048193172,-0.007062792,-0.109681012
0.75,0.507274682,-0.034483046,-0.007062792,-0.109681012
0.76,0.507274682,-0.04113038,-0.007062792,-0.109681012
0.77,0.507274682,-0.04113038,-0.013710127,-0.109681012
0.78,0.507274682,-0.04113038,-0.007062792,-0.109681012
0.79,0.513922016,-0.04113038,-0.013710127,-0.109681012
0.8,0.513922016,-0.048193172,-0.007062792,-0.103033678
0.81,0.507274682,-0.04113038,-0.013710127,-0.103033678
0.82,0.50021189,-0.04113038,-0.007062792,-0.103033678
0.83,0.50021189,-0.04113038,-0.013710127,-0.103033678
0.84,0.50021189,-0.04113038,0,-0.095970886
0.85,0.507274682,-0.04113038,-0.013710127,-0.095970886
0.86,0.513922016,-0.04113038,-0.013710127,-0.103033678
0.87,0.527632143,-0.04113038,-0.013710127,-0.095970886
0.88,0.527632143,-0.04113038,-0.007062792,-0.103033678
0.89,0.527632143,-0.04113038,-0.007062792,-0.095970886
0.9,0.520984809,-0.04113038,-0.007062792,-0.103033678
0.91,0.513922016,-0.04113038,-0.013710127,-0.109681012
0.92,0.527632143,-0.04113038,-0.013710127,-0.109681012
0.93,0.513922016,-0.04113038,-0.013710127,-0.109681012
0.94,0.520984809,-0.04113038,-0.013710127,-0.103033678
0.95,0.520984809,-0.048193172,-0.007062792,-0.109681012
0.96,0.527632143,-0.034483046,-0.007062792,-0.103033678
0.97,0.527632143,-0.04113038,-0.013710127,-0.103033678
0.98,0.534694935,-0.04113038,-0.007062792,-0.103033678
0.99,0.527632143,-0.04113038,-0.013710127,-0.103033678
1,0.527632143,-0.04113038,-0.007062792,-0.095970886
1.01,0.527632143,-0.04113038,-0.007062792,-0.089323552
1.02,0.520984809,-0.048193172,-0.013710127,-0.089323552
1.03,0.520984809,-0.048193172,-0.013710127,-0.089323552
1.04,0.527632143,-0.048193172,-0.007062792,-0.089323552
1.05,0.520984809,-0.04113038,-0.013710127,-0.095970886
1.06,0.520984809,-0.04113038,-0.013710127,-0.095970886
1.07,0.520984809,-0.04113038,-0.013710127,-0.095970886
1.08,0.520984809,-0.04113038,-0.007062792,-0.103033678
1.09,0.520984809,-0.048193172,-0.013710127,-0.103033678
1.1,0.520984809,-0.034483046,-0.013710127,-0.103033678
1.11,0.527632143,-0.034483046,-0.020772919,-0.103033678
1.12,0.513922016,-0.034483046,-0.013710127,-0.103033678
1.13,0.513922016,-0.04113038,-0.013710127,-0.103033678
1.14,0.507274682,-0.034483046,-0.013710127,-0.109681012
1.15,0.50021189,-0.048193172,-0.013710127,-0.103033678
1.16,0.50021189,-0.04113038,-0.007062792,-0.103033678
1.17,0.50021189,-0.04113038,-0.007062792,-0.103033678
1.18,0.50021189,-0.04113038,-0.007062792,-0.103033678
1.19,0.50021189,-0.034483046,-0.013710127,-0.103033678
1.2,0.50021189,-0.04113038,-0.020772919,-0.109681012
1.21,0.50021189,-0.04113038,-0.007062792,-0.103033678
1.22,0.507274682,-0.04113038,-0.013710127,-0.103033678
1.23,0.507274682,-0.034483046,-0.013710127,-0.109681012
1.24,0.507274682,-0.04113038,-0.007062792,-0.103033678
1.25,0.507274682,-0.048193172,-0.013710127,-0.103033678
1.26,0.507274682,-0.034483046,-0.007062792,-0.103033678
1.27,0.507274682,-0.04113038,-0.013710127,-0.103033678
1.28,0.513922016,-0.034483046,-0.007062792,-0.103033678
1.29,0.513922016,-0.034483046,-0.007062792,-0.103033678
1.3,0.513922016,-0.034483046,-0.020772919,-0.095970886
1.31,0.507274682,-0.034483046,-0.007062792,-0.095970886
1.32,0.520984809,-0.04113038,-0.013710127,-0.103033678
1.33,0.513922016,-0.034483046,-0.013710127,-0.095970886
1.34,0.507274682,-0.04113038,-0.007062792,-0.095970886
1.35,0.513922016,-0.034483046,-0.013710127,-0.089323552
1.36,0.513922016,-0.034483046,-0.013710127,-0.089323552
1.37,0.520984809,-0.034483046,-0.013710127,-0.089323552
1.38,0.520984809,-0.034483046,-0.013710127,-0.089323552
1.39,0.527632143,-0.04113038,-0.013710127,-0.095970886
1.4,0.520984809,-0.04113038,-0.013710127,-0.103033678
1.41,0.520984809,-0.04113038,-0.013710127,-0.191941772
1.42,0.520984809,-0.048193172,-0.007062792,0.068550633
1.43,0.513922016,-0.048193172,-0.007062792,0.10261822
1.44,0.520984809,-0.048193172,0,0.10261822
1.45,0.527632143,-0.048193172,-0.013710127,0.075197967
1.46,0.527632143,-0.048193172,-0.007062792,0.027420253
1.47,0.527632143,-0.054840506,-0.013710127,-0.123391139
1.48,0.520984809,-0.048193172,-0.007062792,-0.65143874
1.49,0.520984809,-0.048193172,-0.007062792,-1.378075447
1.5,0.527632143,-0.048193172,-0.007062792,-1.857929877
1.51,0.520984809,-0.04113038,-0.007062792,-2.179910121
1.52,0.527632143,-0.04113038,-0.020772919,-2.604924044
1.53,0.527632143,-0.048193172,-0.013710127,-2.872479241
1.54,0.513922016,-0.04113038,-0.013710127,-3.160391899
1.55,0.520984809,-0.048193172,-0.013710127,-3.633183536
1.56,0.520984809,-0.04113038,-0.013710127,-4.133810884
1.57,0.513922016,-0.04113038,-0.013710127,-4.558824807
1.58,0.513922016,-0.04113038,-0.013710127,-5.045742029
1.59,0.507274682,-0.04113038,-0.013710127,-5.580436964
1.6,0.50021189,-0.04113038,-0.013710127,-6.183682532
1.61,0.50021189,-0.034483046,-0.007062792,-6.704667341
1.62,0.493564556,-0.04113038,-0.013710127,-7.129681264
1.63,0.50021189,-0.04113038,-0.007062792,-7.349043289
1.64,0.493564556,-0.04113038,-0.013710127,-7.527274934
1.65,0.50021189,-0.04113038,-0.007062792,-7.588762775
1.66,0.486501763,-0.04113038,-0.013710127,-7.650666073
1.67,0.479854429,-0.04113038,0,-7.72586404
1.68,0.486501763,-0.034483046,-0.007062792,-7.808124799
1.69,0.493564556,-0.034483046,-0.007062792,-7.952288857
1.7,0.507274682,-0.034483046,-0.013710127,-7.952288857
1.71,0.50021189,-0.04113038,-0.007062792,-8.068617204
1.72,0.513922016,-0.034483046,-0.007062792,-8.103100249
1.73,0.520984809,-0.034483046,-0.013710127,-7.924868604
1.74,0.534694935,-0.04113038,-0.007062792,-7.595825567
1.75,0.534694935,-0.04113038,-0.007062792,-7.424241256
1.76,0.54134227,-0.034483046,-0.013710127,-7.198231897
1.77,0.54134227,-0.034483046,-0.007062792,-7.033710379
1.78,0.534694935,-0.04113038,-0.007062792,-6.992579999
1.79,0.54134227,-0.04113038,-0.013710127,-6.773217974
1.8,0.534694935,-0.034483046,-0.007062792,-6.450822271
1.81,0.534694935,-0.04113038,-0.007062792,-6.156262279
1.82,0.527632143,-0.04113038,-0.013710127,-5.888707082
1.83,0.527632143,-0.04113038,-0.013710127,-5.758668609
1.84,0.513922016,-0.034483046,-0.013710127,-5.580436964
1.85,0.520984809,-0.034483046,-0.013710127,-5.361074939
1.86,0.507274682,-0.04113038,-0.007062792,-5.216910881
1.87,0.513922016,-0.04113038,-0.007062792,-5.196553421
1.88,0.507274682,-0.04113038,-0.007062792,-5.210263547
1.89,0.493564556,-0.04113038,-0.007062792,-5.216910881
1.9,0.493564556,-0.034483046,-0.013710127,-5.134650122
1.91,0.486501763,-0.04113038,-0.013710127,-5.059452155
1.92,0.479854429,-0.04113038,-0.013710127,-5.086872408
1.93,0.479854429,-0.04113038,-0.013710127,-5.004611649
1.94,0.486501763,-0.034483046,-0.007062792,-4.936061016
1.95,0.486501763,-0.04113038,-0.007062792,-4.92235089
1.96,0.486501763,-0.04113038,-0.020772919,-4.928998224
1.97,0.486501763,-0.048193172,-0.013710127,-4.88122051
1.98,0.493564556,-0.034483046,-0.013710127,-4.819317212
1.99,0.493564556,-0.034483046,-0.007062792,-4.805607085
2,0.493564556,-0.04113038,-0.013710127,-4.750766579
2.01,0.493564556,-0.034483046,-0.013710127,-4.757829371
2.02,0.493564556,-0.027420253,-0.007062792,-4.764476705
2.03,0.50021189,-0.034483046,-0.007062792,-4.771539498
2.04,0.50021189,-0.04113038,-0.007062792,-4.709636199
2.05,0.507274682,-0.034483046,-0.013710127,-4.648148359
2.06,0.507274682,-0.048193172,-0.013710127,-4.599955187
2.07,0.513922016,-0.04113038,-0.007062792,-4.634438232
2.08,0.520984809,-0.04113038,-0.013710127,-4.689278738
2.09,0.527632143,-0.04113038,-0.013710127,-4.689278738
2.1,0.520984809,-0.04113038,-0.013710127,-4.744119245
2.11,0.54134227,-0.04113038,-0.007062792,-4.716698992
2.12,0.534694935,-0.04113038,-0.013710127,-4.730409118
2.13,0.527632143,-0.034483046,-0.007062792,-4.798959751
2.14,0.527632143,-0.04113038,-0.013710127,-4.730409118
2.15,0.534694935,-0.04113038,-0.007062792,-4.607017979
2.16,0.527632143,-0.048193172,-0.007062792,-4.607017979
2.17,0.534694935,-0.048193172,-0.013710127,-4.654795693
2.18,0.534694935,-0.048193172,-0.020772919,-4.613665313
2.19,0.527632143,-0.048193172,-0.007062792,-4.654795693
2.2,0.527632143,-0.04113038,-0.007062792,-4.62737544
2.21,0.534694935,-0.048193172,-0.007062792,-4.572534934
2.22,0.527632143,-0.04113038,-0.013710127,-4.552177473
2.23,0.527632143,-0.04113038,-0.013710127,-4.545114681
2.24,0.520984809,-0.034483046,-0.013710127,-4.52475722
2.25,0.520984809,-0.034483046,-0.007062792,-4.497336967
2.26,0.513922016,-0.04113038,-0.013710127,-4.462853921
2.27,0.513922016,-0.034483046,-0.007062792,-4.366883035
2.28,0.513922016,-0.027420253,-0.013710127,-4.428786334
2.29,0.513922016,-0.027420253,-0.020772919,-4.147521011
2.3,0.507274682,-0.034483046,-0.013710127,-3.270072911
2.31,0.507274682,-0.034483046,-0.013710127,-2.228103294
2.32,0.493564556,-0.027420253,-0.007062792,-1.398432908
2.33,0.50021189,-0.027420253,-0.007062792,-0.843380512
2.34,0.493564556,-0.034483046,-0.013710127,-0.493564556
2.35,0.493564556,-0.034483046,-0.007062792,-0.267555197
2.36,0.493564556,-0.027420253,-0.007062792,-0.130453931
2.37,0.486501763,-0.027420253,-0.007062792,-0.034483046
2.38,0.486501763,-0.027420253,-0.007062792,0.027420253
2.39,0.486501763,-0.034483046,-0.013710127,0.068550633
2.4,0.486501763,-0.034483046,-0.013710127,0.075197967
2.41,0.493564556,-0.034483046,-0.007062792,0.095970886
2.42,0.493564556,-0.04113038,-0.013710127,0.123391139
2.43,0.493564556,-0.048193172,-0.007062792,0.123391139
2.44,0.513922016,-0.048193172,-0.013710127,0.137101265
2.45,0.513922016,-0.048193172,-0.013710127,0.1437486
2.46,0.513922016,-0.054840506,-0.007062792,0.1437486
2.47,0.527632143,-0.061903299,-0.013710127,0.130038473
2.48,0.527632143,-0.054840506,-0.013710127,0.150811392
2.49,0.534694935,-0.048193172,-0.013710127,0.1437486
2.5,0.534694935,-0.048193172,0,0.1437486
2.51,0.534694935,-0.048193172,-0.007062792,0.150811392
2.52,0.54134227,-0.048193172,-0.013710127,0.157458726
2.53,0.54134227,-0.048193172,-0.007062792,0.150811392
2.54,0.54134227,-0.04113038,-0.013710127,0.150811392
2.55,0.54134227,-0.034483046,-0.013710127,0.150811392
2.56,0.534694935,-0.034483046,-0.007062792,0.150811392
2.57,0.534694935,-0.034483046,-0.013710127,0.157458726
2.58,0.527632143,-0.027420253,-0.007062792,0.164521519
2.59,0.527632143,-0.034483046,-0.013710127,0.171168853
2.6,0.527632143,-0.027420253,-0.013710127,0.178231645
2.61,0.527632143,-0.020772919,-0.013710127,0.184878979
2.62,0.513922016,-0.027420253,-0.013710127,0.171168853
2.63,0.50021189,-0.027420253,-0.013710127,0.184878979
2.64,0.507274682,-0.020772919,-0.013710127,0.184878979
2.65,0.50021189,-0.020772919,-0.013710127,0.191941772
2.66,0.50021189,-0.027420253,-0.013710127,0.178231645
2.67,0.493564556,-0.034483046,-0.007062792,0.191941772
2.68,0.493564556,-0.027420253,-0.007062792,0.191941772
2.69,0.50021189,-0.020772919,-0.013710127,0.199004564
2.7,0.493564556,-0.034483046,-0.007062792,0.199004564
2.71,0.493564556,-0.034483046,-0.007062792,0.199004564
2.72,0.486501763,-0.027420253,-0.007062792,0.199004564
2.73,0.479854429,-0.034483046,-0.013710127,0.199004564
2.74,0.486501763,-0.034483046,-0.013710127,0.199004564
2.75,0.493564556,-0.034483046,-0.020772919,0.199004564
2.76,0.507274682,-0.027420253,-0.013710127,0.205651898
2.77,0.507274682,-0.04113038,-0.013710127,0.212714691
2.78,0.513922016,-0.04113038,-0.013710127,0.199004564
2.79,0.513922016,-0.048193172,-0.007062792,0.199004564
2.8,0.520984809,-0.048193172,-0.013710127,0.199004564
2.81,0.520984809,-0.054840506,-0.013710127,0.205651898
2.82,0.527632143,-0.048193172,-0.013710127,0.205651898
2.83,0.520984809,-0.048193172,-0.013710127,0.205651898
2.84,0.527632143,-0.04113038,-0.007062792,0.205651898
2.85,0.520984809,-0.048193172,-0.013710127,0.205651898
2.86,0.520984809,-0.04113038,-0.013710127,0.212714691
2.87,0.520984809,-0.034483046,-0.013710127,0.191941772
2.88,0.520984809,-0.04113038,-0.013710127,0.199004564
2.89,0.520984809,-0.034483046,-0.007062792,0.205651898
2.9,0.520984809,-0.04113038,-0.013710127,0.212714691
2.91,0.513922016,-0.034483046,-0.013710127,0.205651898
2.92,0.513922016,-0.04113038,-0.013710127,0.199004564
2.93,0.513922016,-0.04113038,-0.013710127,0.205651898
2.94,0.513922016,-0.048193172,-0.013710127,0.191941772
2.95,0.507274682,-0.04113038,-0.013710127,0.191941772
2.96,0.507274682,-0.034483046,-0.007062792,0.205651898
2.97,0.507274682,-0.034483046,-0.013710127,0.199004564
2.98,0.513922016,-0.034483046,-0.013710127,0.205651898
2.99,0.507274682,-0.027420253,-0.007062792,0.205651898
3,0.507274682,-0.020772919,-0.013710127,0.199004564
3.01,0.507274682,-0.020772919,-0.013710127,0.191941772
3.02,0.520984809,-0.020772919,-0.013710127,0.199004564
3.03,0.513922016,-0.020772919,-0.013710127,0.199004564
3.04,0.507274682,-0.027420253,-0.013710127,0.199004564
3.05,0.513922016,-0.027420253,-0.013710127,0.199004564
3.06,0.513922016,-0.027420253,-0.007062792,0.199004564
3.07,0.513922016,-0.034483046,-0.007062792,0.205651898
3.08,0.513922016,-0.027420253,-0.013710127,0.205651898
3.09,0.520984809,-0.027420253,-0.007062792,0.199004564
3.1,0.513922016,-0.034483046,-0.007062792,0.199004564
3.11,0.513922016,-0.04113038,-0.007062792,0.199004564
3.12,0.513922016,-0.04113038,-0.007062792,0.199004564
3.13,0.513922016,-0.034483046,0,0.205651898
3.14,0.513922016,-0.04113038,-0.007062792,0.205651898
3.15,0.520984809,-0.04113038,-0.007062792,0.199004564
3.16,0.513922016,-0.04113038,-0.007062792,0.205651898
3.17,0.520984809,-0.04113038,-0.007062792,0.205651898
3.18,0.513922016,-0.04113038,-0.013710127,0.205651898
3.19,0.513922016,-0.048193172,-0.007062792,0.205651898
3.2,0.513922016,-0.04113038,-0.013710127,0.205651898
3.21,0.513922016,-0.048193172,-0.013710127,0.199004564
3.22,0.513922016,-0.04113038,-0.007062792,0.205651898
3.23,0.520984809,-0.034483046,-0.007062792,0.205651898
3.24,0.507274682,-0.034483046,-0.007062792,0.205651898
3.25,0.507274682,-0.034483046,-0.013710127,0.199004564
3.26,0.507274682,-0.034483046,-0.013710127,0.205651898
3.27,0.513922016,-0.04113038,-0.007062792,0.199004564
3.28,0.513922016,-0.027420253,-0.007062792,0.205651898
3.29,0.513922016,-0.027420253,-0.007062792,0.205651898
3.3,0.513922016,-0.027420253,-0.013710127,0.205651898
3.31,0.513922016,-0.04113038,-0.013710127,0.212714691
3.32,0.513922016,-0.04113038,-0.020772919,0.205651898
3.33,0.513922016,-0.027420253,-0.007062792,0.205651898
3.34,0.513922016,-0.027420253,-0.013710127,0.205651898
3.35,0.513922016,-0.034483046,-0.007062792,0.205651898
3.36,0.513922016,-0.027420253,-0.007062792,0.205651898
3.37,0.513922016,-0.027420253,-0.013710127,0.205651898
3.38,0.513922016,-0.027420253,-0.007062792,0.199004564
3.39,0.520984809,-0.027420253,-0.013710127,0.199004564
3.4,0.513922016,-0.034483046,-0.007062792,0.199004564
3.41,0.513922016,-0.034483046,-0.013710127,0.199004564
3.42,0.507274682,-0.034483046,-0.013710127,0.199004564
3.43,0.520984809,-0.04113038,-0.013710127,0.205651898
3.44,0.507274682,-0.034483046,-0.013710127,0.199004564
3.45,0.507274682,-0.034483046,-0.013710127,0.199004564
3.46,0.507274682,-0.034483046,-0.020772919,0.199004564
3.47,0.507274682,-0.034483046,-0.007062792,0.199004564
3.48,0.513922016,-0.04113038,-0.007062792,0.199004564
3.49,0.513922016,-0.04113038,-0.007062792,0.199004564
3.5,0.507274682,-0.04113038,-0.007062792,0.191941772
3.51,0.507274682,-0.04113038,-0.013710127,0.199004564
3.52,0.507274682,-0.04113038,-0.007062792,0.205651898
3.53,0.513922016,-0.04113038,-0.007062792,0.199004564
3.54,0.513922016,-0.048193172,-0.007062792,0.205651898
3.55,0.513922016,-0.04113038,0,0.199004564
3.56,0.507274682,-0.034483046,-0.007062792,0.199004564
3.57,0.507274682,-0.04113038,-0.007062792,0.205651898
3.58,0.507274682,-0.034483046,-0.013710127,0.199004564
3.59,0.513922016,-0.034483046,-0.013710127,0.178231645
3.6,0.513922016,-0.034483046,-0.013710127,-0.301622784
3.61,0.507274682,-0.04113038,-0.007062792,0.054840506
3.62,0.513922016,-0.034483046,-0.007062792,0.137101265
3.63,0.513922016,-0.027420253,-0.013710127,0.123391139
3.64,0.513922016,-0.027420253,-0.013710127,0.109681012
3.65,0.513922016,-0.027420253,-0.013710127,0.109681012
3.66,0.520984809,-0.027420253,-0.007062792,0.116328346
3.67,0.513922016,-0.020772919,-0.013710127,0.191941772
3.68,0.513922016,-0.034483046,-0.007062792,-0.075613425
3.69,0.513922016,-0.027420253,-0.013710127,0.109681012
3.7,0.520984809,-0.027420253,-0.007062792,0.10261822
3.71,0.513922016,-0.027420253,-0.020772919,0.164521519
3.72,0.513922016,-0.034483046,-0.013710127,0.205651898
3.73,0.513922016,-0.034483046,-0.007062792,0.226424817
3.74,0.513922016,-0.034483046,-0.013710127,0.226424817
3.75,0.520984809,-0.034483046,-0.007062792,0.226424817
3.76,0.513922016,-0.034483046,-0.013710127,0.226424817
3.77,0.513922016,-0.034483046,-0.013710127,0.226424817
3.78,0.520984809,-0.027420253,-0.007062792,0.233072151
3.79,0.513922016,-0.034483046,-0.020772919,0.233072151
3.8,0.513922016,-0.027420253,-0.013710127,0.233072151
3.81,0.520984809,-0.034483046,-0.013710127,0.240134944
3.82,0.513922016,-0.027420253,-0.007062792,0.226424817
3.83,0.520984809,-0.034483046,-0.013710127,0.226424817
3.84,0.513922016,-0.034483046,-0.013710127,0.226424817
3.85,0.513922016,-0.034483046,-0.013710127,0.226424817
3.86,0.520984809,-0.04113038,-0.007062792,0.226424817
3.87,0.513922016,-0.034483046,-0.007062792,0.233072151
3.88,0.513922016,-0.034483046,-0.013710127,0.233072151
3.89,0.452434176,-0.034483046,-0.013710127,0.240134944
3.9,0.534694935,-0.034483046,-0.013710127,0.233072151
3.91,0.534694935,-0.020772919,-0.007062792,0.233072151
3.92,0.404241004,-0.007062792,-0.007062792,0.233072151
3.93,0.431661257,-0.007062792,-0.013710127,0.233072151
3.94,0.274202531,-0.020772919,-0.013710127,0.233072151
3.95,0.267139739,-0.04113038,-0.007062792,0.233072151
3.96,0.280849865,-0.054840506,-0.007062792,0.233072151
3.97,0.253429612,-0.048193172,-0.013710127,0.233072151
3.98,0.226009359,-0.020772919,-0.013710127,0.233072151
3.99,0.178231645,0.04113038,-0.007062792,0.233072151
4,0.088908093,0.06148784,-0.007062792,0.233072151
4.01,0.034067587,0.1437486,-0.007062792,0.240134944
4.02,-0.082260759,0.123391139,-0.007062792,0.233072151
4.03,-0.150811392,0.10261822,-0.007062792,0.226424817
4.04,-0.452434176,0.075197967,-0.007062792,0.233072151
4.05,-0.863737973,-0.013710127,-0.007062792,0.233072151
4.06,-1.364365321,0.006647334,-0.013710127,0.233072151
4.07,-1.960548097,0,-0.013710127,0.226424817
4.08,-2.632344298,-0.04113038,-0.020772919,0.226424817
4.09,-3.263010119,-0.054840506,-0.007062792,0.233072151
4.1,-4.360235701,-0.095970886,-0.020772919,0.233072151
4.11,-5.285461514,-0.150811392,-0.013710127,0.233072151
4.12,-6.464532398,-0.199004564,-0.013710127,0.233072151
4.13,-7.609535694,-0.301622784,-0.013710127,0.233072151
4.14,-8.733766071,-0.445786842,-0.013710127,0.233072151
4.15,-9.940257207,-0.678858993,-0.013710127,0.240134944
4.16,-11.13303822,-1.028259491,-0.054840506,0.226424817
4.17,-12.29175164,-1.480693667,0.116328346,0.233072151
4.18,-12.42677561,-2.049871648,0.04113038,0.233072151
4.19,-12.42677561,-2.659764551,0,0.226424817
4.2,-12.42677561,-3.441241764,-0.034483046,0.233072151
4.21,-10.84512556,-4.428786334,-0.103033678,0.226424817
4.22,-6.416754684,-5.498176205,-0.226424817,0.233072151
4.23,-4.277974942,-6.53308303,-0.349815956,0.233072151
4.24,-3.640246328,-7.458724302,-0.287912658,0.233072151
4.25,-3.441241764,-8.295042021,-0.29497545,0.240134944
4.26,-3.249299992,-9.056161774,-0.35646329,0.240134944
4.27,-3.07813114,-9.926547081,-0.377236209,0.233072151
4.28,-3.029937968,-10.52979265,-0.445786842,0.233072151
4.29,-2.947677208,-10.89996607,-0.555467854,0.233072151
4.3,-2.824286069,-11.09190784,-0.740346834,0.233072151
4.31,-2.762798229,-10.67395671,-0.994191904,0.240134944
4.32,-2.632344298,-10.04993822,-1.343592402,0.233072151
4.33,-2.604924044,-9.673117469,-1.782316451,0.233072151
4.34,-2.529726078,-8.432143287,-2.330721513,0.226424817
4.35,-2.481532906,-6.738734929,-2.982160254,0.233072151
4.36,-2.467822779,-5.449983033,-3.749927341,0.233072151
4.37,-2.2829438,-4.785249624,-4.620728106,0.233072151
4.38,-2.008741269,-4.387655954,-5.73789569,0.240134944
4.39,-1.707118485,-4.147521011,-6.97180708,0.233072151
4.4,-1.316172149,-3.89367594,-8.150877963,0.233072151
4.41,-0.959708858,-3.736217214,-8.939417969,0.233072151
4.42,-0.624018487,-3.653956455,-9.782798481,0.233072151
4.43,-0.308685577,-3.550922776,-10.68766683,0.233072151
4.44,-0.013710127,-3.39346405,-11.48950151,0.233072151
4.45,0.171168853,-3.256362785,-12.20949088,0.240134944
4.46,0.280849865,-3.208169613,-12.75124861,0.240134944
4.47,0.349400498,-3.153329106,-12.71676556,0.240134944
4.48,0.411303796,-3.174102026,-11.66773315,0.233072151
4.49,0.479854429,-3.228942532,-9.871706574,0.233072151
4.5,0.54134227,-3.18074936,-7.931515938,0.219362025
4.51,0.575825315,-3.160391899,-6.450822271,0.240134944
4.52,0.616955695,-3.160391899,-5.525596458,0.233072151
4.53,0.644375948,-3.167039233,-4.771539498,0.240134944
4.54,0.664733408,-3.167039233,-4.332815448,0.240134944
4.55,0.692153662,-3.016227841,-4.037839998,0.233072151
4.56,0.705863788,-2.550083538,-3.859608353,0.233072151
4.57,0.712926581,-2.056518982,-3.722507088,0.233072151
4.58,0.733284041,-1.562954427,-3.619473409,0.233072151
4.59,0.746994168,-1.055679744,-3.489434936,0.233072151
4.6,0.75405696,-0.665148867,-3.400111384,0.233072151
4.61,0.75405696,-0.43872405,-3.345270878,0.233072151
4.62,0.774829879,-0.281265323,-3.317850625,0.226424817
4.63,0.767767087,-0.178231645,-3.324913418,0.233072151
4.64,0.760704294,-0.103033678,-3.311203291,0.240134944
4.65,0.774829879,-0.034483046,-3.242652658,0.233072151
4.66,0.774829879,0.013710127,-3.023290633,0.233072151
4.67,0.781477213,0.047777714,-2.68053747,0.240134944
4.68,0.788540006,0.082260759,-2.2829438,0.233072151
4.69,0.781477213,0.109681012,-1.741186072,0.233072151
4.7,0.788540006,0.116328346,-1.254684309,
4.71,0.788540006,0.1437486,-0.911931145,
4.72,0.781477213,0.157458726,-0.712926581,
4.73,0.788540006,0.157458726,-0.575825315,
4.74,0.788540006,0.178231645,-0.466144303,
4.75,0.788540006,0.184878979,-0.363526083,
4.76,0.781477213,0.184878979,-0.301622784,
4.77,0.788540006,0.184878979,-0.246782278,
4.78,0.788540006,0.191941772,-0.212714691,
4.79,0.788540006,0.199004564,-0.185294438,
4.8,0.788540006,0.205651898,-0.150811392,
4.81,0.788540006,0.205651898,-0.123391139,
4.82,0.774829879,0.199004564,-0.095970886,
4.83,0.788540006,0.205651898,-0.075613425,
4.84,0.788540006,0.205651898,-0.054840506,
4.85,0.788540006,0.199004564,-0.054840506,
4.86,0.788540006,0.212714691,-0.048193172,
4.87,0.788540006,0.199004564,-0.034483046,
4.88,0.788540006,0.205651898,-0.027420253,
4.89,0.781477213,0.205651898,-0.013710127,
4.9,0.788540006,0.212714691,-0.007062792,
4.91,0.79518734,0.199004564,-0.007062792,
4.92,0.79518734,0.212714691,0,
4.93,0.79518734,0.212714691,0.006647334,
4.94,0.79518734,0.205651898,0,
4.95,0.79518734,0.212714691,0,
4.96,0.802250132,0.219362025,0.006647334,
4.97,0.79518734,0.212714691,0.013710127,
4.98,0.802250132,0.219362025,0.006647334,
4.99,0.79518734,0.212714691,0.013710127,
5,0.79518734,0.219362025,0.020357461,
5.01,0.802250132,0.219362025,0.006647334,
5.02,0.802250132,0.219362025,0.013710127,
5.03,0.802250132,0.212714691,0.020357461,
5.04,0.802250132,0.212714691,0.013710127,
5.05,0.802250132,0.219362025,0.020357461,
5.06,0.802250132,0.219362025,0.020357461,
5.07,0.802250132,0.226424817,0.027420253,
5.08,0.79518734,0.226424817,0.020357461,
5.09,0.802250132,0.226424817,0.013710127,
5.1,0.808897466,0.219362025,0.027420253,
5.11,0.802250132,0.226424817,0.020357461,
5.12,0.802250132,0.226424817,0.013710127,
5.13,0.802250132,0.226424817,0.020357461,
5.14,0.808897466,0.226424817,0.027420253,
5.15,0.802250132,0.226424817,0.027420253,
5.16,0.802250132,0.233072151,0.027420253,
5.17,0.802250132,0.226424817,0.027420253,
5.18,0.802250132,0.226424817,0.034067587,
5.19,0.802250132,0.233072151,0.034067587,
5.2,0.808897466,0.219362025,0.027420253,
5.21,0.802250132,0.226424817,0.027420253,
5.22,0.808897466,0.219362025,0.034067587,
5.23,0.802250132,0.226424817,0.027420253,
5.24,0.802250132,0.226424817,0.027420253,
5.25,0.802250132,0.233072151,0.034067587,
5.26,0.802250132,0.233072151,0.027420253,
5.27,0.802250132,0.226424817,0.027420253,
5.28,0.802250132,0.233072151,0.027420253,
5.29,0.802250132,0.226424817,0.027420253,
5.3,0.808897466,0.226424817,0.034067587,
5.31,0.808897466,0.219362025,0.027420253,
5.32,0.802250132,0.226424817,0.027420253,
5.33,0.808897466,0.233072151,0.027420253,
5.34,0.815960259,0.226424817,0.034067587,
5.35,0.808897466,0.226424817,0.027420253,
5.36,0.808897466,0.226424817,0.034067587,
5.37,0.808897466,0.219362025,0.027420253,
5.38,0.808897466,0.226424817,0.034067587,
5.39,0.808897466,0.226424817,0.027420253,
5.4,0.808897466,0.226424817,0.034067587,
5.41,0.815960259,0.233072151,0.034067587,
5.42,0.815960259,0.226424817,0.04113038,
5.43,0.802250132,0.226424817,0.04113038,
5.44,0.802250132,0.226424817,0.034067587,
5.45,0.802250132,0.219362025,0.04113038,
5.46,0.802250132,0.226424817,0.04113038,
5.47,0.802250132,0.226424817,0.04113038,
5.48,0.802250132,0.233072151,0.04113038,
5.49,0.808897466,0.226424817,0.04113038,
5.5,0.802250132,0.226424817,0.047777714,
5.51,0.808897466,0.233072151,0.047777714,
5.52,0.815960259,0.226424817,0.034067587,
5.53,0.802250132,0.226424817,0.034067587,
5.54,0.802250132,0.226424817,0.034067587,
5.55,0.808897466,0.226424817,0.034067587,
5.56,0.808897466,0.226424817,0.04113038,
5.57,0.808897466,0.233072151,0.034067587,
5.58,0.808897466,0.226424817,0.04113038,
5.59,0.808897466,0.233072151,0.034067587,
5.6,0.802250132,0.233072151,0.027420253,
5.61,0.79518734,0.233072151,0.034067587,
5.62,0.815960259,0.233072151,0.034067587,
5.63,0.808897466,0.226424817,0.027420253,
5.64,0.808897466,0.233072151,0.027420253,
5.65,0.79518734,0.226424817,0.027420253,
5.66,0.802250132,0.226424817,0.034067587,
5.67,0.802250132,0.233072151,0.027420253,
5.68,0.808897466,0.233072151,0.04113038,
5.69,0.808897466,0.226424817,0.034067587,
5.7,0.808897466,0.226424817,0.027420253,
5.71,0.802250132,0.226424817,0.034067587,
5.72,0.802250132,0.233072151,0.034067587,
5.73,0.802250132,0.233072151,0.04113038,
5.74,0.802250132,0.226424817,0.04113038,
5.75,0.802250132,0.233072151,0.04113038,
5.76,0.802250132,0.233072151,0.034067587,
5.77,0.802250132,0.226424817,0.034067587,
5.78,0.802250132,0.233072151,0.04113038,
5.79,0.802250132,0.233072151,0.034067587,
5.8,0.808897466,0.226424817,0.034067587,
5.81,0.808897466,0.233072151,0.04113038,
5.82,0.808897466,0.226424817,0.04113038,
5.83,0.802250132,0.226424817,0.04113038,
5.84,0.808897466,0.233072151,0.034067587,
5.85,0.802250132,0.226424817,0.04113038,
5.86,0.808897466,0.226424817,0.04113038,
5.87,0.808897466,0.226424817,0.04113038,
5.88,0.808897466,0.226424817,0.04113038,
5.89,0.802250132,0.226424817,0.04113038,
5.9,0.808897466,0.226424817,0.04113038,
5.91,0.802250132,0.226424817,0.04113038,
5.92,0.808897466,0.226424817,0.04113038,
5.93,0.808897466,0.226424817,0.04113038,
5.94,0.802250132,0.226424817,0.034067587,
5.95,0.815960259,0.226424817,0.034067587,
5.96,0.808897466,0.226424817,0.034067587,
5.97,0.802250132,0.226424817,0.034067587,
5.98,0.808897466,0.226424817,0.034067587,
5.99,0.808897466,0.226424817,0.034067587,
6,0.808897466,0.226424817,0.034067587,
6.01,0.815960259,0.226424817,0.034067587,
6.02,0.808897466,0.233072151,0.04113038,
6.03,0.808897466,0.233072151,0.027420253,
6.04,0.808897466,0.233072151,0.034067587,
6.05,0.808897466,0.226424817,0.034067587,
6.06,0.802250132,0.226424817,0.034067587,
6.07,0.808897466,0.226424817,0.04113038,
6.08,0.808897466,0.226424817,0.04113038,
6.09,0.815960259,0.226424817,0.04113038,
6.1,0.808897466,0.226424817,0.034067587,
6.11,0.808897466,0.226424817,0.034067587,
6.12,0.808897466,0.226424817,0.034067587,
6.13,0.815960259,0.226424817,0.034067587,
6.14,0.815960259,0.226424817,0.04113038,
6.15,0.815960259,0.233072151,0.04113038,
6.16,0.815960259,0.226424817,0.04113038,
6.17,0.808897466,0.233072151,0.04113038,
6.18,0.808897466,0.226424817,0.04113038,
6.19,0.808897466,0.226424817,0.047777714,
6.2,0.815960259,0.226424817,0.047777714,
6.21,0.815960259,0.226424817,0.04113038,
6.22,0.815960259,0.226424817,0.04113038,
6.23,0.815960259,0.226424817,0.04113038,
6.24,0.808897466,0.226424817,0.04113038,
6.25,0.808897466,0.226424817,0.04113038,
6.26,0.808897466,0.226424817,0.04113038,
6.27,0.808897466,0.226424817,0.04113038,
6.28,0.808897466,0.226424817,0.04113038,
6.29,0.802250132,0.226424817,0.034067587,
6.3,0.808897466,0.226424817,0.034067587,
6.31,0.808897466,0.226424817,0.04113038,
6.32,0.802250132,0.226424817,0.04113038,
6.33,0.808897466,0.233072151,0.04113038,
6.34,0.808897466,0.226424817,0.027420253,
6.35,0.808897466,0.226424817,0.034067587,
6.36,0.815960259,0.226424817,0.027420253,
6.37,0.808897466,0.226424817,0.034067587,
6.38,0.815960259,0.226424817,0.034067587,
6.39,0.808897466,0.226424817,0.034067587,
6.4,0.808897466,0.219362025,0.027420253,
6.41,0.808897466,0.226424817,0.04113038,
6.42,0.815960259,0.226424817,0.04113038,
6.43,0.808897466,0.233072151,0.034067587,
6.44,0.808897466,0.233072151,0.034067587,
6.45,0.808897466,0.233072151,0.04113038,
6.46,0.815960259,0.233072151,0.034067587,
6.47,0.808897466,0.226424817,0.04113038,
6.48,0.808897466,0.240134944,0.04113038,
6.49,0.808897466,0.226424817,0.034067587,
6.5,0.815960259,0.226424817,0.04113038,
6.51,0.815960259,0.226424817,0.047777714,
6.52,0.808897466,0.233072151,0.047777714,
6.53,0.808897466,0.226424817,0.047777714,
6.54,0.808897466,0.226424817,0.04113038,
6.55,0.802250132,0.226424817,0.034067587,
6.56,0.802250132,0.233072151,0.04113038,
6.57,0.802250132,0.233072151,0.04113038,
6.58,0.802250132,0.226424817,0.04113038,
6.59,0.788540006,0.233072151,0.047777714,
6.6,0.726636707,0.233072151,0.047777714,
6.61,0.233072151,0.226424817,0.047777714,
6.62,0.157458726,0.226424817,0.04113038,
6.63,0.726636707,0.226424817,0.04113038,
6.64,0.75405696,0.226424817,0.04113038,
6.65,0.760704294,0.226424817,0.04113038,
6.66,0.788540006,0.240134944,0.047777714,
6.67,0.774829879,0.233072151,0.04113038,
6.68,0.781477213,0.226424817,0.047777714,
6.69,0.788540006,0.233072151,0.047777714,
6.7,0.774829879,0.233072151,0.034067587,
6.71,0.774829879,0.233072151,0.04113038,
6.72,0.79518734,0.226424817,0.04113038,
6.73,0.79518734,0.226424817,0.04113038,
6.74,0.781477213,0.233072151,0.04113038,
6.75,0.746994168,0.240134944,0.034067587,
6.76,0.808897466,0.226424817,0.04113038,
6.77,0.822607593,0.233072151,0.04113038,
6.78,0.822607593,0.233072151,0.034067587,
6.79,0.829670385,0.233072151,0.034067587,
6.8,0.822607593,0.233072151,0.04113038,
6.81,0.829670385,0.233072151,0.047777714,
6.82,0.829670385,0.226424817,0.04113038,
6.83,0.822607593,0.233072151,0.04113038,
6.84,0.829670385,0.226424817,0.04113038,
6.85,0.822607593,0.226424817,0.04113038,
6.86,0.822607593,0.226424817,0.04113038,
6.87,0.83631772,0.226424817,0.047777714,
6.88,0.83631772,0.226424817,0.047777714,
6.89,0.822607593,0.233072151,0.04113038,
6.9,0.822607593,0.233072151,0.047777714,
6.91,0.829670385,0.233072151,0.047777714,
6.92,0.829670385,0.226424817,0.04113038,
6.93,0.822607593,0.233072151,0.04113038,
6.94,0.829670385,0.233072151,0.04113038,
6.95,0.829670385,0.233072151,0.047777714,
6.96,0.822607593,0.233072151,0.04113038,
6.97,0.822607593,0.233072151,0.04113038,
6.98,0.822607593,0.226424817,0.04113038,
6.99,0.829670385,0.233072151,0.04113038,
7,0.829670385,0.233072151,0.034067587,
7.01,0.829670385,0.233072151,0.034067587,
7.02,0.83631772,0.226424817,0.047777714,
7.03,0.829670385,0.233072151,0.04113038,
7.04,0.829670385,0.233072151,0.04113038,
7.05,0.829670385,0.233072151,0.04113038,
7.06,0.829670385,0.226424817,0.04113038,
7.07,0.822607593,0.240134944,0.04113038,
7.08,0.829670385,0.226424817,0.047777714,
7.09,0.829670385,0.233072151,0.047777714,
7.1,0.829670385,0.226424817,0.047777714,
7.11,0.829670385,0.226424817,0.04113038,
7.12,0.829670385,0.240134944,0.047777714,
7.13,0.829670385,0.233072151,0.047777714,
7.14,0.829670385,0.240134944,0.047777714,
7.15,0.829670385,0.240134944,0.04113038,
7.16,0.83631772,0.226424817,0.047777714,
7.17,0.822607593,0.233072151,0.047777714,
7.18,0.83631772,0.233072151,0.04113038,
7.19,0.829670385,0.226424817,0.04113038,
7.2,0.829670385,0.226424817,0.04113038,
7.21,0.829670385,0.226424817,0.047777714,
7.22,0.829670385,0.219362025,0.047777714,
7.23,0.822607593,0.226424817,0.047777714,
7.24,0.829670385,0.233072151,0.047777714,
7.25,0.829670385,0.226424817,0.04113038,
7.26,0.829670385,0.226424817,0.04113038,
7.27,0.83631772,0.233072151,0.04113038,
7.28,0.83631772,0.226424817,0.04113038,
7.29,0.829670385,0.226424817,0.04113038,
7.3,0.829670385,0.226424817,0.04113038,
7.31,0.829670385,0.226424817,0.027420253,
7.32,0.829670385,0.226424817,0.027420253,
7.33,0.83631772,0.226424817,0.020357461,
7.34,0.829670385,0.233072151,0.013710127,
7.35,0.829670385,0.226424817,-0.027420253,
7.36,0.822607593,0.226424817,-0.226424817,
7.37,0.829670385,0.212714691,-1.302462022,
7.38,0.822607593,0.123391139,0.095970886,
7.39,0.83631772,-0.150811392,0.088908093,
7.4,0.83631772,0.10261822,0.034067587,
7.41,0.829670385,0.178231645,-0.013710127,
7.42,0.829670385,0.199004564,0.034067587,
7.43,0.829670385,0.205651898,-0.007062792,
7.44,0.822607593,0.219362025,0.013710127,
7.45,0.829670385,0.219362025,0.027420253,
7.46,0.83631772,0.219362025,0.020357461,
7.47,0.829670385,0.205651898,0.013710127,
7.48,0.829670385,0.191941772,-0.034483046,
7.49,0.829670385,0.184878979,0.027420253,
7.5,0.829670385,0.157458726,0.047777714,
7.51,0.829670385,0.199004564,0.054840506,
7.52,0.822607593,0.109681012,0.054840506,
7.53,0.822607593,0.240134944,0.054840506,
7.54,0.822607593,0.246782278,0.054840506,
7.55,0.83631772,0.246782278,0.047777714,
7.56,0.83631772,0.246782278,0.047777714,
7.57,0.822607593,0.246782278,0.054840506,
7.58,0.829670385,0.246782278,0.054840506,
7.59,0.829670385,0.240134944,0.054840506,
7.6,0.829670385,0.25384507,0.06148784,
7.61,0.83631772,0.246782278,0.047777714,
7.62,0.829670385,0.240134944,0.054840506,
7.63,0.83631772,0.246782278,0.054840506,
7.64,0.822607593,0.25384507,0.047777714,
7.65,0.822607593,0.246782278,0.047777714,
7.66,0.829670385,0.246782278,0.047777714,
7.67,0.829670385,0.246782278,0.054840506,
7.68,0.829670385,0.25384507,0.054840506,
7.69,0.829670385,0.25384507,0.06148784,
7.7,0.829670385,0.25384507,0.054840506,
7.71,0.829670385,0.240134944,0.06148784,
7.72,0.829670385,0.246782278,0.06148784,
7.73,0.822607593,0.246782278,0.054840506,
7.74,0.83631772,0.25384507,0.054840506,
7.75,0.829670385,0.25384507,0.054840506,
7.76,0.83631772,0.25384507,0.047777714,
7.77,0.829670385,0.246782278,0.047777714,
7.78,0.822607593,0.25384507,0.06148784,
7.79,0.829670385,0.246782278,0.054840506,
7.8,0.829670385,0.246782278,0.047777714,
7.81,0.829670385,0.25384507,0.054840506,
7.82,0.83631772,0.246782278,0.06148784,
7.83,0.829670385,0.246782278,0.047777714,
7.84,0.829670385,0.246782278,0.054840506,
7.85,0.822607593,0.25384507,0.047777714,
7.86,0.829670385,0.246782278,0.054840506,
7.87,0.829670385,0.246782278,0.06148784,
7.88,0.829670385,0.25384507,0.06148784,
7.89,0.829670385,0.246782278,0.06148784,
7.9,0.83631772,0.25384507,0.06148784,
7.91,0.829670385,0.25384507,0.06148784,
7.92,0.829670385,0.246782278,0.06148784,
7.93,0.83631772,0.246782278,0.06148784,
7.94,0.829670385,0.260492404,0.054840506,
7.95,0.829670385,0.246782278,0.054840506,
7.96,0.829670385,0.25384507,0.047777714,
7.97,0.829670385,0.246782278,0.054840506,
7.98,0.83631772,0.246782278,0.054840506,
7.99,0.829670385,0.246782278,0.047777714,
8,0.829670385,0.246782278,0.047777714,
8.01,0.829670385,0.25384507,0.054840506,
8.02,0.829670385,0.260492404,0.054840506,
8.03,0.83631772,0.246782278,0.054840506,
8.04,0.83631772,0.246782278,0.054840506,
8.05,0.829670385,0.25384507,0.054840506,
8.06,0.83631772,0.25384507,0.054840506,
8.07,0.829670385,0.25384507,0.054840506,
8.08,0.829670385,0.246782278,0.06148784,
8.09,0.83631772,0.246782278,0.054840506,
8.1,0.829670385,0.246782278,0.054840506,
8.11,0.829670385,0.246782278,0.06148784,
8.12,0.829670385,0.246782278,0.054840506,
8.13,0.829670385,0.25384507,0.054840506,
8.14,0.829670385,0.246782278,0.054840506,
8.15,0.829670385,0.25384507,0.054840506,
8.16,0.829670385,0.25384507,0.054840506,
8.17,0.829670385,0.246782278,0.054840506,
8.18,0.83631772,0.246782278,0.054840506,
8.19,0.83631772,0.25384507,0.054840506,
8.2,0.83631772,0.25384507,0.054840506,
8.21,0.83631772,0.246782278,0.06148784,
8.22,0.829670385,0.25384507,0.054840506,
8.23,0.829670385,0.246782278,0.054840506,
8.24,0.829670385,0.246782278,0.054840506,
8.25,0.822607593,0.246782278,0.054840506,
8.26,0.829670385,0.25384507,0.054840506,
8.27,0.829670385,0.25384507,0.06148784,
8.28,0.83631772,0.25384507,0.06148784,
8.29,0.829670385,0.25384507,0.054840506,
8.3,0.829670385,0.246782278,0.054840506,
8.31,0.83631772,0.246782278,0.06148784,
8.32,0.83631772,0.25384507,0.054840506,
8.33,0.829670385,0.246782278,0.054840506,
8.34,0.822607593,0.246782278,0.06148784,
8.35,0.829670385,0.25384507,0.054840506,
8.36,0.829670385,0.25384507,0.06148784,
8.37,0.829670385,0.246782278,0.054840506,
8.38,0.83631772,0.246782278,0.06148784,
8.39,0.829670385,0.246782278,0.06148784,
8.4,0.829670385,0.25384507,0.06148784,
8.41,0.829670385,0.260492404,0.068550633,
8.42,0.822607593,0.25384507,0.054840506,
8.43,0.829670385,0.25384507,0.068550633,
8.44,0.829670385,0.25384507,0.068550633,
8.45,0.83631772,0.246782278,0.06148784,
8.46,0.829670385,0.25384507,0.06148784,
8.47,0.829670385,0.25384507,0.054840506,
8.48,0.83631772,0.246782278,0.06148784,
8.49,0.829670385,0.25384507,0.054840506,
8.5,0.829670385,0.246782278,0.06148784,
8.51,0.829670385,0.25384507,0.06148784,
8.52,0.83631772,0.246782278,0.054840506,
8.53,0.829670385,0.246782278,0.06148784,
8.54,0.822607593,0.25384507,0.06148784,
8.55,0.83631772,0.246782278,0.06148784,
8.56,0.829670385,0.246782278,0.06148784,
8.57,0.822607593,0.25384507,0.054840506,
8.58,0.829670385,0.25384507,,
8.59,0.822607593,0.25384507,,
8.6,0.83631772,0.246782278,,
8.61,0.829670385,0.246782278,,
8.62,0.83631772,0.25384507,,
8.63,0.83631772,0.246782278,,
8.64,0.829670385,0.246782278,,
8.65,0.829670385,0.246782278,,
8.66,0.829670385,0.246782278,,
8.67,0.83631772,0.25384507,,
8.68,0.83631772,0.25384507,,
8.69,0.829670385,0.25384507,,
8.7,0.822607593,0.25384507,,
8.71,0.829670385,0.246782278,,
8.72,0.829670385,0.246782278,,
8.73,0.829670385,0.246782278,,
8.74,0.83631772,0.25384507,,
8.75,0.829670385,0.25384507,,
8.76,0.829670385,,,
8.77,0.83631772,,,
8.78,0.83631772,,,
8.79,0.83631772,,,
8.8,0.829670385,,,
8.81,0.829670385,,,
8.82,0.83631772,,,
8.83,0.829670385,,,
8.84,0.822607593,,,
8.85,0.829670385,,,
8.86,0.822607593,,,
8.87,0.829670385,,,
8.88,0.822607593,,,
8.89,0.822607593,,,
8.9,0.829670385,,,
8.91,0.829670385,,,
8.92,0.829670385,,,
8.93,0.829670385,,,
8.94,0.829670385,,,
8.95,0.829670385,,,
8.96,0.83631772,,,
8.97,0.822607593,,,
8.98,0.829670385,,,
8.99,0.829670385,,,
9,0.829670385,,,
9.01,0.829670385,,,
9.02,0.822607593,,,
9.03,0.829670385,,,
9.04,0.829670385,,,
9.05,0.829670385,,,
9.06,0.829670385,,,
9.07,0.822607593,,,
9.08,0.829670385,,,
9.09,0.829670385,,,
9.1,0.829670385,,,
9.11,0.829670385,,,
9.12,0.829670385,,,
9.13,0.829670385,,,
9.14,0.829670385,,,
9.15,0.829670385,,,
9.16,0.829670385,,,
9.17,0.829670385,,,
9.18,0.83631772,,,
9.19,0.822607593,,,
9.2,0.829670385,,,
9.21,0.83631772,,,
9.22,0.829670385,,,
9.23,0.829670385,,,
9.24,0.83631772,,,
9.25,0.829670385,,,
9.26,0.822607593,,,
9.27,0.83631772,,,
9.28,0.829670385,,,
9.29,0.829670385,,,
9.3,0.829670385,,,
9.31,0.829670385,,,
9.32,0.822607593,,,
9.33,0.829670385,,,
9.34,0.829670385,,,
9.35,0.829670385,,,
9.36,0.829670385,,,
9.37,0.822607593,,,
9.38,0.829670385,,,
9.39,0.829670385,,,
9.4,0.822607593,,,
9.41,0.83631772,,,
9.42,0.829670385,,,
9.43,0.83631772,,,
9.44,0.829670385,,,
9.45,0.83631772,,,
9.46,0.83631772,,,
9.47,0.829670385,,,
9.48,0.822607593,,,
9.49,0.822607593,,,
9.5,0.83631772,,,
9.51,0.829670385,,,
9.52,0.829670385,,,
9.53,0.822607593,,,
9.54,0.829670385,,,
9.55,0.822607593,,,
9.56,0.829670385,,,
9.57,0.829670385,,,
9.58,0.829670385,,,
9.59,0.829670385,,,
